{"Beatty Airport":{"x":-329733.625,"y":967.13366699219,"z":-174930.5625},"Boulder City Airport":{"x":-430210.6875,"y":646.66363525391,"z":-1022.3584594727},"Creech AFB":{"x":-360452.15625,"y":952.94458007813,"z":-76518.5859375},"Echo Bay":{"x":-388670.5,"y":472.03369140625,"z":33210.671875},"Groom Lake AFB":{"x":-290154.40625,"y":1369.8676757813,"z":-86227.296875},"Henderson Executive Airport":{"x":-428077.34375,"y":759.43688964844,"z":-25692.619140625},"Jean Airport":{"x":-449876.78125,"y":860.87585449219,"z":-42659.71875},"Laughlin Airport":{"x":-515859.90625,"y":200.00019836426,"z":28242.046875},"Lincoln County":{"x":-223999.078125,"y":1467.6899414063,"z":33240.8203125},"McCarran International Airport":{"x":-416012.53125,"y":661.37609863281,"z":-28511.072265625},"Mesquite":{"x":-330275,"y":566.48736572266,"z":68185.8671875},"Mina Airport 3Q0":{"x":-162089.078125,"y":1390.5122070313,"z":-289514.125},"Nellis AFB":{"x":-399275.84375,"y":561.30914306641,"z":-18183.109375},"North Las Vegas":{"x":-400889.90625,"y":679.27984619141,"z":-31004.841796875},"Pahute Mesa Airstrip":{"x":-304416.4375,"y":1541.3635253906,"z":-133159.09375},"Tonopah Airport":{"x":-197772.359375,"y":1644.1396484375,"z":-200656.875},"Tonopah Test Range Airfield":{"x":-228149.671875,"y":1686.8143310547,"z":-174035.171875}}